sequence,arm,started_at_ms,t_request_ms,t_ready_ms,session_age_ms,error
0,A,0.0,157.204,0.000,0.000,
1,B,189.2,0.601,100.103,100.103,
2,A,322.5,159.957,0.000,0.000,
3,B,513.9,0.757,100.065,100.065,
4,B,646.0,100.894,100.062,100.063,
5,C,880.3,0.474,100.859,100.859,
6,C,1017.5,0.439,96.437,96.437,
7,B,1146.5,100.800,100.072,100.072,
8,B,1378.5,0.609,100.065,100.065,
9,A,1513.6,152.587,0.000,0.000,
10,C,1700.8,102.422,95.236,95.236,
11,B,1931.4,100.654,100.066,100.066,
12,B,2166.7,100.925,100.073,100.073,
13,C,2400.1,0.533,92.666,92.666,
14,B,2528.6,100.594,100.069,100.069,
15,B,2761.9,100.798,100.101,100.102,
16,C,2994.3,0.450,96.394,96.394,
17,C,3126.5,0.419,90.371,90.372,
18,A,3248.4,155.039,0.000,0.000,
19,C,3435.3,0.415,92.510,92.510,
20,B,3560.4,0.647,100.084,100.084,
21,C,3693.5,0.344,91.297,91.298,
22,C,3816.2,0.490,93.231,93.232,
23,C,3941.6,0.501,98.012,98.013,
24,C,4072.6,0.384,92.301,92.302,
25,C,4197.4,102.277,94.859,94.859,
26,B,4431.5,0.611,100.063,100.064,
27,A,4568.8,150.160,0.000,0.000,
28,C,4749.7,0.258,96.732,96.732,
29,B,4879.2,100.743,100.065,100.066,
30,B,5111.7,0.728,100.068,100.068,
31,A,5245.0,151.547,0.000,0.000,
32,B,5428.7,0.625,100.068,100.068,
33,B,5564.3,0.644,100.067,100.068,
34,A,5695.9,151.459,0.000,0.000,
35,C,5880.9,0.448,97.760,97.761,
36,C,6012.5,0.407,101.131,101.131,
37,A,6145.4,156.656,0.000,0.000,
38,A,6334.2,153.249,0.000,0.000,
39,B,6518.7,0.844,100.067,100.068,
40,A,6651.6,162.686,0.000,0.001,
41,C,6849.1,100.700,99.634,99.635,
42,B,7084.9,0.726,100.061,100.061,
43,B,7217.3,100.922,100.068,100.069,
44,B,7453.3,0.603,100.062,100.063,
45,C,7586.3,0.278,90.862,90.862,
46,B,7709.1,100.844,100.070,100.070,
47,A,7941.0,155.229,0.000,0.000,
48,A,8128.7,159.258,0.000,0.000,
49,B,8324.0,100.788,100.069,100.070,
50,A,8556.1,155.528,0.000,0.001,
51,C,8744.1,0.424,100.436,100.436,
52,B,8880.3,0.735,100.074,100.074,
53,B,9011.8,100.833,100.067,100.068,
54,C,9249.5,100.412,91.513,91.513,
55,B,9473.4,0.612,100.065,100.065,
56,B,9606.3,0.560,100.063,100.063,
57,B,9740.0,0.621,100.061,100.061,
58,C,9871.9,0.345,94.800,94.801,
59,B,10002.2,0.519,100.061,100.062,
60,C,10135.5,100.472,95.593,95.593,
61,B,10362.6,100.889,100.070,100.071,
62,C,10597.9,0.338,98.870,98.870,
63,A,10728.3,153.312,0.000,0.000,
64,A,10915.1,150.145,0.000,0.000,
65,B,11096.4,100.860,100.067,100.067,
66,B,11330.6,100.701,100.061,100.061,
67,B,11564.4,0.627,100.064,100.065,
68,C,11697.2,0.258,96.670,96.670,
69,B,11825.1,0.664,100.078,100.078,
70,B,11957.8,0.731,100.034,100.035,
71,A,12090.6,165.386,0.000,0.000,
72,A,12288.4,153.239,0.000,0.000,
73,C,12474.5,0.328,95.343,95.343,
74,A,12601.3,155.561,0.000,0.000,
75,C,12788.3,100.591,89.658,89.659,
76,A,13011.6,193.430,0.000,0.000,
77,A,13239.0,166.942,0.000,0.000,
78,C,13439.1,0.376,97.482,97.482,
79,C,13571.3,42.845,111.800,111.800,
80,A,13757.0,158.610,0.000,0.000,
81,A,13948.1,172.537,0.000,0.000,
82,A,14154.7,157.835,0.000,0.000,
83,B,14346.0,0.596,100.064,100.065,
84,B,14481.3,0.677,100.062,100.063,
85,B,14613.6,100.734,100.110,100.110,
86,B,14849.8,0.487,100.060,100.060,
87,A,14983.8,157.788,0.000,0.000,
88,C,15174.2,100.444,88.394,88.394,
89,C,15396.4,0.257,95.737,95.737,
90,C,15525.2,0.357,101.881,101.881,
91,B,15659.3,100.892,100.065,100.066,
92,C,15891.7,0.487,98.005,98.005,
93,C,16022.4,0.302,95.241,95.241,
94,B,16151.2,100.860,100.067,100.067,
95,B,16383.9,100.766,100.062,100.062,
96,A,16620.2,152.090,0.000,0.000,
97,C,16804.1,0.409,108.861,108.861,
98,A,16946.5,173.867,0.000,0.000,
99,B,17153.9,0.639,100.202,100.202,
100,C,17287.8,0.403,96.298,96.298,
101,A,17417.4,156.927,0.000,0.000,
102,B,17611.8,100.823,100.066,100.067,
103,B,17845.8,0.794,100.065,100.065,
104,B,17978.2,0.600,100.065,100.065,
105,C,18113.2,0.509,93.250,93.250,
106,A,18241.6,164.430,0.000,0.000,
107,A,18438.8,152.609,0.000,0.000,
108,B,18625.0,100.623,100.064,100.064,
109,A,18856.8,154.551,0.000,0.000,
110,C,19042.5,0.521,95.828,95.828,
111,A,19172.7,148.258,0.000,0.000,
112,A,19352.4,167.556,0.000,0.000,
113,B,19556.8,100.837,100.069,100.069,
114,B,19790.2,100.689,100.070,100.070,
115,B,20024.0,100.634,100.063,100.063,
116,A,20257.5,151.408,0.000,0.000,
117,C,20441.5,0.354,97.246,97.247,
118,B,20573.3,100.712,100.065,100.065,
119,B,20805.6,0.787,100.069,100.069,
120,C,20942.1,0.432,95.514,95.514,
121,A,21072.4,154.679,0.000,0.000,
122,C,21259.2,100.410,95.966,95.966,
123,B,21486.4,0.520,100.064,100.064,
124,B,21618.8,0.811,100.061,100.062,
125,C,21751.9,0.231,99.103,99.103,
126,A,21884.1,155.425,0.000,0.000,
127,A,22071.2,154.172,0.000,0.000,
128,B,22259.2,0.693,100.068,100.068,
129,A,22393.9,154.579,0.000,0.000,
130,A,22582.2,151.852,0.000,0.000,
131,A,22767.0,162.049,0.000,0.000,
132,A,22962.9,154.262,0.000,0.000,
133,B,23148.6,100.635,100.065,100.066,
134,C,23381.1,0.448,93.613,93.614,
135,C,23506.3,0.377,95.676,95.676,
136,C,23635.3,0.421,95.584,95.584,
137,A,23762.4,156.178,0.000,0.000,
138,B,23951.1,100.764,100.064,100.064,
139,A,24187.7,158.224,0.000,0.001,
140,A,24378.0,151.856,0.000,0.000,
141,A,24563.8,155.304,0.000,0.000,
142,C,24750.3,100.471,94.753,94.753,
143,C,24977.7,100.515,95.443,95.443,
144,B,25205.6,100.865,100.065,100.065,
145,A,25439.7,159.478,0.000,0.000,
146,B,25632.4,100.799,100.067,100.067,
147,A,25868.3,157.703,0.000,0.000,
148,A,26058.0,200.100,0.000,0.000,
149,A,26289.9,156.280,0.000,0.000,
150,B,26478.6,0.587,100.063,100.063,
151,C,26613.8,0.262,100.389,100.389,
152,B,26749.1,100.896,100.067,100.068,
153,C,26981.3,0.264,95.870,95.871,
154,A,27110.1,159.182,0.000,0.000,
155,B,27301.7,100.832,100.068,100.069,
156,A,27539.2,159.484,0.000,0.000,
157,A,27730.3,161.662,0.000,0.000,
158,B,27928.0,100.872,100.070,100.071,
159,B,28161.0,100.892,100.064,100.065,
160,A,28393.6,152.234,0.000,0.000,
161,C,28581.2,100.477,104.683,104.683,
162,A,28818.5,196.692,0.000,0.000,
163,C,29052.4,42.989,158.456,158.457,
164,C,29294.0,140.847,184.991,184.991,
165,A,29662.9,157.200,0.000,0.001,
166,A,29855.9,151.110,0.000,0.000,
167,C,30039.2,0.327,127.931,127.932,
168,C,30199.3,0.429,95.407,95.408,
169,C,30326.4,0.363,97.008,97.008,
170,B,30455.3,0.632,100.062,100.062,
171,A,30588.5,155.863,0.000,0.000,
172,C,30779.5,0.314,121.210,121.211,
173,B,30934.4,101.739,100.023,100.023,
174,A,31173.6,166.208,0.000,0.000,
175,C,31381.4,100.540,108.506,108.506,
176,A,31622.6,157.667,0.000,0.001,
177,C,31813.9,0.339,125.250,125.251,
178,C,31976.3,0.389,101.132,101.133,
179,C,32114.3,100.498,95.789,95.789,
180,C,32342.5,100.532,135.758,135.758,
181,C,32615.6,0.424,107.314,107.314,
182,C,32759.4,0.344,102.305,102.305,
183,A,32894.4,168.515,0.000,0.000,
184,A,33097.4,159.928,0.000,0.000,
185,A,33289.9,165.406,0.000,0.000,
186,C,33487.6,0.473,96.537,96.538,
187,B,33616.6,100.797,100.072,100.073,
188,B,33851.4,0.544,100.062,100.062,
189,C,33984.5,0.269,99.338,99.338,
190,B,34116.3,0.735,100.065,100.066,
191,C,34251.7,100.445,100.063,100.064,
192,C,34485.6,0.462,99.751,99.751,
193,A,34619.5,159.332,0.000,0.000,
194,B,34811.0,0.712,100.067,100.067,
195,A,34944.6,149.625,0.000,0.000,
196,B,35126.3,0.680,100.069,100.069,
197,B,35260.0,0.650,100.068,100.068,
198,B,35392.2,0.507,100.064,100.064,
199,C,35525.5,0.461,90.941,90.942,
200,B,35648.6,100.625,100.064,100.064,
201,B,35880.5,0.680,100.064,100.064,
202,A,36014.7,154.854,0.000,0.000,
203,A,36202.4,156.318,0.000,0.000,
204,C,36390.4,0.397,102.016,102.017,
205,B,36525.4,0.506,100.057,100.057,
206,C,36657.2,0.345,93.783,93.784,
207,A,36784.3,153.001,0.000,0.000,
208,A,36971.4,150.292,0.000,0.000,
209,A,37153.0,160.425,0.000,0.001,
210,C,37345.5,0.373,110.216,110.216,
211,B,37489.3,0.553,100.063,100.063,
212,B,37621.2,0.542,100.040,100.040,
213,B,37753.3,0.538,100.062,100.062,
214,A,37884.2,158.429,0.000,0.001,
215,C,38073.5,100.529,100.249,100.249,
216,B,38307.7,100.801,100.068,100.068,
217,A,38543.1,155.611,0.000,0.000,
218,A,38731.3,159.204,0.000,0.001,
219,B,38923.6,0.563,100.069,100.070,
220,A,39057.5,154.174,0.000,0.000,
221,C,39243.7,0.309,94.850,94.850,
222,C,39371.2,100.587,103.600,103.600,
223,C,39607.7,0.378,90.937,90.938,
224,B,39734.4,100.829,100.066,100.066,
225,A,39969.0,157.117,0.000,0.001,
226,B,40160.3,0.611,100.062,100.062,
227,C,40296.6,0.311,83.976,83.976,
228,C,40413.2,0.371,97.770,97.770,
229,C,40544.3,0.322,92.038,92.039,
230,A,40668.3,159.870,0.000,0.000,
231,C,40861.3,0.242,95.294,95.294,
232,C,40990.2,40.905,93.731,93.731,
233,A,41158.9,160.345,0.000,0.000,
234,B,41353.1,0.455,100.061,100.061,
235,A,41487.7,157.922,0.000,0.000,
236,C,41677.3,0.449,98.735,98.735,
237,C,41809.5,0.439,97.614,97.614,
238,A,41943.5,151.577,0.000,0.000,
239,C,42126.5,0.271,94.234,94.234,
240,A,42253.2,152.595,0.000,0.000,
241,A,42438.8,153.427,0.000,0.001,
242,C,42626.9,0.299,99.083,99.083,
243,A,42758.3,150.664,0.000,0.000,
244,A,42940.9,149.916,0.000,0.000,
245,B,43122.1,0.608,100.064,100.065,
246,A,43256.8,154.480,0.000,0.000,
247,A,43444.2,158.428,0.000,0.000,
248,B,43634.3,0.603,100.079,100.079,
249,B,43766.4,0.672,100.031,100.031,
250,B,43900.4,100.657,100.064,100.065,
251,A,44134.3,176.646,0.000,0.001,
252,C,44344.1,0.328,98.220,98.220,
253,C,44474.3,0.285,88.274,88.274,
254,B,44597.3,0.694,100.067,100.068,
255,B,44729.8,0.696,100.045,100.046,
256,A,44862.5,157.572,0.000,0.001,
257,B,45053.6,101.044,100.070,100.071,
258,C,45293.0,0.353,142.082,142.083,
259,A,45471.5,172.331,0.000,0.000,
260,C,45682.7,0.408,93.149,93.149,
261,C,45809.4,0.408,97.707,97.708,
262,A,45939.5,153.765,0.000,0.000,
263,B,46126.7,100.780,100.063,100.064,
264,C,46359.9,0.310,102.939,102.939,
265,B,46495.2,0.618,100.061,100.062,
266,B,46630.0,4.319,100.692,100.692,
267,A,46769.9,167.245,0.000,0.000,
268,C,46975.6,0.280,102.847,102.847,
269,A,47118.3,154.630,0.000,0.000,
270,A,47306.8,147.042,0.000,0.000,
271,C,47485.3,0.408,96.467,96.467,
272,A,47615.4,159.216,0.000,0.000,
273,A,47805.7,155.156,0.000,0.001,
274,A,47994.0,154.408,0.000,0.000,
275,B,48185.9,0.687,100.069,100.069,
276,B,48322.5,0.589,100.066,100.066,
277,B,48458.2,100.603,100.063,100.064,
278,C,48690.8,100.552,90.610,90.610,
279,B,48917.7,0.635,100.065,100.066,
280,C,49051.7,0.412,92.635,92.635,
281,C,49179.4,0.439,93.244,93.244,
282,C,49307.6,0.331,103.917,103.918,
283,A,49448.2,147.835,0.000,0.000,
284,A,49629.2,156.450,0.000,0.000,
285,A,49823.3,158.073,0.000,0.000,
286,C,50014.8,0.306,99.091,99.091,
287,C,50145.4,0.329,98.382,98.382,
288,C,50280.3,0.390,95.235,95.235,
289,A,50407.3,143.500,0.000,0.000,
290,A,50582.1,150.578,0.000,0.000,
291,B,50763.9,0.593,100.061,100.062,
292,B,50895.5,100.967,100.073,100.073,
293,C,51131.1,0.390,94.328,94.329,
294,B,51259.5,0.667,100.069,100.070,
295,A,51392.2,153.933,0.000,0.000,
296,A,51580.9,1855.444,0.000,0.000,
297,B,53467.9,100.766,100.060,100.060,
298,C,53701.6,0.354,99.159,99.159,
299,C,53834.3,100.566,92.386,92.386,
